{
    "recall_positive": 0.8125,
    "recall_negative": 0.7096774193548387,
    "recall_neutral": 0.4166666666666667,
    "precision_positive": 0.8041237113402062,
    "precision_negative": 0.6111111111111112,
    "precision_neutral": 0.5,
    "fbeta": 0.6995815689825421
}
