{
    "recall_positive": 0.875,
    "recall_negative": 0.5806451612903226,
    "recall_neutral": 0.4166666666666667,
    "precision_positive": 0.7850467289719626,
    "precision_negative": 0.6666666666666666,
    "precision_neutral": 0.5172413793103449,
    "fbeta": 0.696230011900967
}
