{
    "recall_positive": 0.5454545454545454,
    "recall_negative": 0.0,
    "recall_neutral": 0.5,
    "precision_positive": 0.5454545454545454,
    "precision_negative": 0.0,
    "precision_neutral": 0.3333333333333333,
    "fbeta": 0.4026120580075896
}
