{
    "recall_positive": 0.8020833333333334,
    "recall_negative": 0.7419354838709677,
    "recall_neutral": 0.4444444444444444,
    "precision_positive": 0.7857142857142857,
    "precision_negative": 0.6764705882352942,
    "precision_neutral": 0.5161290322580645,
    "fbeta": 0.6981212229585124
}
