{
    "recall_positive": 0.7604166666666666,
    "recall_negative": 0.7096774193548387,
    "recall_neutral": 0.4444444444444444,
    "precision_positive": 0.7934782608695652,
    "precision_negative": 0.6875,
    "precision_neutral": 0.41025641025641024,
    "fbeta": 0.6789842339633018
}
